DateID,Date,Ann√©e,Mois,Trimestre,Jour
1,2022-01-01,2022,1,1,1
2,2022-01-02,2022,1,1,2
3,2022-01-03,2022,1,1,3
4,2022-01-04,2022,1,1,4
5,2022-01-05,2022,1,1,5
6,2022-01-06,2022,1,1,6
7,2022-01-07,2022,1,1,7
8,2022-01-08,2022,1,1,8
9,2022-01-09,2022,1,1,9
10,2022-01-10,2022,1,1,10
11,2022-01-11,2022,1,1,11
12,2022-01-12,2022,1,1,12
13,2022-01-13,2022,1,1,13
14,2022-01-14,2022,1,1,14
15,2022-01-15,2022,1,1,15
16,2022-01-16,2022,1,1,16
17,2022-01-17,2022,1,1,17
18,2022-01-18,2022,1,1,18
19,2022-01-19,2022,1,1,19
20,2022-01-20,2022,1,1,20
21,2022-01-21,2022,1,1,21
22,2022-01-22,2022,1,1,22
23,2022-01-23,2022,1,1,23
24,2022-01-24,2022,1,1,24
25,2022-01-25,2022,1,1,25
26,2022-01-26,2022,1,1,26
27,2022-01-27,2022,1,1,27
28,2022-01-28,2022,1,1,28
29,2022-01-29,2022,1,1,29
30,2022-01-30,2022,1,1,30
31,2022-01-31,2022,1,1,31
32,2022-02-01,2022,2,1,1
33,2022-02-02,2022,2,1,2
34,2022-02-03,2022,2,1,3
35,2022-02-04,2022,2,1,4
36,2022-02-05,2022,2,1,5
37,2022-02-06,2022,2,1,6
38,2022-02-07,2022,2,1,7
39,2022-02-08,2022,2,1,8
40,2022-02-09,2022,2,1,9
41,2022-02-10,2022,2,1,10
42,2022-02-11,2022,2,1,11
43,2022-02-12,2022,2,1,12
44,2022-02-13,2022,2,1,13
45,2022-02-14,2022,2,1,14
46,2022-02-15,2022,2,1,15
47,2022-02-16,2022,2,1,16
48,2022-02-17,2022,2,1,17
49,2022-02-18,2022,2,1,18
50,2022-02-19,2022,2,1,19
51,2022-02-20,2022,2,1,20
52,2022-02-21,2022,2,1,21
53,2022-02-22,2022,2,1,22
54,2022-02-23,2022,2,1,23
55,2022-02-24,2022,2,1,24
56,2022-02-25,2022,2,1,25
57,2022-02-26,2022,2,1,26
58,2022-02-27,2022,2,1,27
59,2022-02-28,2022,2,1,28
60,2022-03-01,2022,3,1,1
61,2022-03-02,2022,3,1,2
62,2022-03-03,2022,3,1,3
63,2022-03-04,2022,3,1,4
64,2022-03-05,2022,3,1,5
65,2022-03-06,2022,3,1,6
66,2022-03-07,2022,3,1,7
67,2022-03-08,2022,3,1,8
68,2022-03-09,2022,3,1,9
69,2022-03-10,2022,3,1,10
70,2022-03-11,2022,3,1,11
71,2022-03-12,2022,3,1,12
72,2022-03-13,2022,3,1,13
73,2022-03-14,2022,3,1,14
74,2022-03-15,2022,3,1,15
75,2022-03-16,2022,3,1,16
76,2022-03-17,2022,3,1,17
77,2022-03-18,2022,3,1,18
78,2022-03-19,2022,3,1,19
79,2022-03-20,2022,3,1,20
80,2022-03-21,2022,3,1,21
81,2022-03-22,2022,3,1,22
82,2022-03-23,2022,3,1,23
83,2022-03-24,2022,3,1,24
84,2022-03-25,2022,3,1,25
85,2022-03-26,2022,3,1,26
86,2022-03-27,2022,3,1,27
87,2022-03-28,2022,3,1,28
88,2022-03-29,2022,3,1,29
89,2022-03-30,2022,3,1,30
90,2022-03-31,2022,3,1,31
91,2022-04-01,2022,4,2,1
92,2022-04-02,2022,4,2,2
93,2022-04-03,2022,4,2,3
94,2022-04-04,2022,4,2,4
95,2022-04-05,2022,4,2,5
96,2022-04-06,2022,4,2,6
97,2022-04-07,2022,4,2,7
98,2022-04-08,2022,4,2,8
99,2022-04-09,2022,4,2,9
100,2022-04-10,2022,4,2,10
101,2022-04-11,2022,4,2,11
102,2022-04-12,2022,4,2,12
103,2022-04-13,2022,4,2,13
104,2022-04-14,2022,4,2,14
105,2022-04-15,2022,4,2,15
106,2022-04-16,2022,4,2,16
107,2022-04-17,2022,4,2,17
108,2022-04-18,2022,4,2,18
109,2022-04-19,2022,4,2,19
110,2022-04-20,2022,4,2,20
111,2022-04-21,2022,4,2,21
112,2022-04-22,2022,4,2,22
113,2022-04-23,2022,4,2,23
114,2022-04-24,2022,4,2,24
115,2022-04-25,2022,4,2,25
116,2022-04-26,2022,4,2,26
117,2022-04-27,2022,4,2,27
118,2022-04-28,2022,4,2,28
119,2022-04-29,2022,4,2,29
120,2022-04-30,2022,4,2,30
121,2022-05-01,2022,5,2,1
122,2022-05-02,2022,5,2,2
123,2022-05-03,2022,5,2,3
124,2022-05-04,2022,5,2,4
125,2022-05-05,2022,5,2,5
126,2022-05-06,2022,5,2,6
127,2022-05-07,2022,5,2,7
128,2022-05-08,2022,5,2,8
129,2022-05-09,2022,5,2,9
130,2022-05-10,2022,5,2,10
131,2022-05-11,2022,5,2,11
132,2022-05-12,2022,5,2,12
133,2022-05-13,2022,5,2,13
134,2022-05-14,2022,5,2,14
135,2022-05-15,2022,5,2,15
136,2022-05-16,2022,5,2,16
137,2022-05-17,2022,5,2,17
138,2022-05-18,2022,5,2,18
139,2022-05-19,2022,5,2,19
140,2022-05-20,2022,5,2,20
141,2022-05-21,2022,5,2,21
142,2022-05-22,2022,5,2,22
143,2022-05-23,2022,5,2,23
144,2022-05-24,2022,5,2,24
145,2022-05-25,2022,5,2,25
146,2022-05-26,2022,5,2,26
147,2022-05-27,2022,5,2,27
148,2022-05-28,2022,5,2,28
149,2022-05-29,2022,5,2,29
150,2022-05-30,2022,5,2,30
151,2022-05-31,2022,5,2,31
152,2022-06-01,2022,6,2,1
153,2022-06-02,2022,6,2,2
154,2022-06-03,2022,6,2,3
155,2022-06-04,2022,6,2,4
156,2022-06-05,2022,6,2,5
157,2022-06-06,2022,6,2,6
158,2022-06-07,2022,6,2,7
159,2022-06-08,2022,6,2,8
160,2022-06-09,2022,6,2,9
161,2022-06-10,2022,6,2,10
162,2022-06-11,2022,6,2,11
163,2022-06-12,2022,6,2,12
164,2022-06-13,2022,6,2,13
165,2022-06-14,2022,6,2,14
166,2022-06-15,2022,6,2,15
167,2022-06-16,2022,6,2,16
168,2022-06-17,2022,6,2,17
169,2022-06-18,2022,6,2,18
170,2022-06-19,2022,6,2,19
171,2022-06-20,2022,6,2,20
172,2022-06-21,2022,6,2,21
173,2022-06-22,2022,6,2,22
174,2022-06-23,2022,6,2,23
175,2022-06-24,2022,6,2,24
176,2022-06-25,2022,6,2,25
177,2022-06-26,2022,6,2,26
178,2022-06-27,2022,6,2,27
179,2022-06-28,2022,6,2,28
180,2022-06-29,2022,6,2,29
181,2022-06-30,2022,6,2,30
182,2022-07-01,2022,7,3,1
183,2022-07-02,2022,7,3,2
184,2022-07-03,2022,7,3,3
185,2022-07-04,2022,7,3,4
186,2022-07-05,2022,7,3,5
187,2022-07-06,2022,7,3,6
188,2022-07-07,2022,7,3,7
189,2022-07-08,2022,7,3,8
190,2022-07-09,2022,7,3,9
191,2022-07-10,2022,7,3,10
192,2022-07-11,2022,7,3,11
193,2022-07-12,2022,7,3,12
194,2022-07-13,2022,7,3,13
195,2022-07-14,2022,7,3,14
196,2022-07-15,2022,7,3,15
197,2022-07-16,2022,7,3,16
198,2022-07-17,2022,7,3,17
199,2022-07-18,2022,7,3,18
200,2022-07-19,2022,7,3,19
201,2022-07-20,2022,7,3,20
202,2022-07-21,2022,7,3,21
203,2022-07-22,2022,7,3,22
204,2022-07-23,2022,7,3,23
205,2022-07-24,2022,7,3,24
206,2022-07-25,2022,7,3,25
207,2022-07-26,2022,7,3,26
208,2022-07-27,2022,7,3,27
209,2022-07-28,2022,7,3,28
210,2022-07-29,2022,7,3,29
211,2022-07-30,2022,7,3,30
212,2022-07-31,2022,7,3,31
213,2022-08-01,2022,8,3,1
214,2022-08-02,2022,8,3,2
215,2022-08-03,2022,8,3,3
216,2022-08-04,2022,8,3,4
217,2022-08-05,2022,8,3,5
218,2022-08-06,2022,8,3,6
219,2022-08-07,2022,8,3,7
220,2022-08-08,2022,8,3,8
221,2022-08-09,2022,8,3,9
222,2022-08-10,2022,8,3,10
223,2022-08-11,2022,8,3,11
224,2022-08-12,2022,8,3,12
225,2022-08-13,2022,8,3,13
226,2022-08-14,2022,8,3,14
227,2022-08-15,2022,8,3,15
228,2022-08-16,2022,8,3,16
229,2022-08-17,2022,8,3,17
230,2022-08-18,2022,8,3,18
231,2022-08-19,2022,8,3,19
232,2022-08-20,2022,8,3,20
233,2022-08-21,2022,8,3,21
234,2022-08-22,2022,8,3,22
235,2022-08-23,2022,8,3,23
236,2022-08-24,2022,8,3,24
237,2022-08-25,2022,8,3,25
238,2022-08-26,2022,8,3,26
239,2022-08-27,2022,8,3,27
240,2022-08-28,2022,8,3,28
241,2022-08-29,2022,8,3,29
242,2022-08-30,2022,8,3,30
243,2022-08-31,2022,8,3,31
244,2022-09-01,2022,9,3,1
245,2022-09-02,2022,9,3,2
246,2022-09-03,2022,9,3,3
247,2022-09-04,2022,9,3,4
248,2022-09-05,2022,9,3,5
249,2022-09-06,2022,9,3,6
250,2022-09-07,2022,9,3,7
251,2022-09-08,2022,9,3,8
252,2022-09-09,2022,9,3,9
253,2022-09-10,2022,9,3,10
254,2022-09-11,2022,9,3,11
255,2022-09-12,2022,9,3,12
256,2022-09-13,2022,9,3,13
257,2022-09-14,2022,9,3,14
258,2022-09-15,2022,9,3,15
259,2022-09-16,2022,9,3,16
260,2022-09-17,2022,9,3,17
261,2022-09-18,2022,9,3,18
262,2022-09-19,2022,9,3,19
263,2022-09-20,2022,9,3,20
264,2022-09-21,2022,9,3,21
265,2022-09-22,2022,9,3,22
266,2022-09-23,2022,9,3,23
267,2022-09-24,2022,9,3,24
268,2022-09-25,2022,9,3,25
269,2022-09-26,2022,9,3,26
270,2022-09-27,2022,9,3,27
271,2022-09-28,2022,9,3,28
272,2022-09-29,2022,9,3,29
273,2022-09-30,2022,9,3,30
274,2022-10-01,2022,10,4,1
275,2022-10-02,2022,10,4,2
276,2022-10-03,2022,10,4,3
277,2022-10-04,2022,10,4,4
278,2022-10-05,2022,10,4,5
279,2022-10-06,2022,10,4,6
280,2022-10-07,2022,10,4,7
281,2022-10-08,2022,10,4,8
282,2022-10-09,2022,10,4,9
283,2022-10-10,2022,10,4,10
284,2022-10-11,2022,10,4,11
285,2022-10-12,2022,10,4,12
286,2022-10-13,2022,10,4,13
287,2022-10-14,2022,10,4,14
288,2022-10-15,2022,10,4,15
289,2022-10-16,2022,10,4,16
290,2022-10-17,2022,10,4,17
291,2022-10-18,2022,10,4,18
292,2022-10-19,2022,10,4,19
293,2022-10-20,2022,10,4,20
294,2022-10-21,2022,10,4,21
295,2022-10-22,2022,10,4,22
296,2022-10-23,2022,10,4,23
297,2022-10-24,2022,10,4,24
298,2022-10-25,2022,10,4,25
299,2022-10-26,2022,10,4,26
300,2022-10-27,2022,10,4,27
301,2022-10-28,2022,10,4,28
302,2022-10-29,2022,10,4,29
303,2022-10-30,2022,10,4,30
304,2022-10-31,2022,10,4,31
305,2022-11-01,2022,11,4,1
306,2022-11-02,2022,11,4,2
307,2022-11-03,2022,11,4,3
308,2022-11-04,2022,11,4,4
309,2022-11-05,2022,11,4,5
310,2022-11-06,2022,11,4,6
311,2022-11-07,2022,11,4,7
312,2022-11-08,2022,11,4,8
313,2022-11-09,2022,11,4,9
314,2022-11-10,2022,11,4,10
315,2022-11-11,2022,11,4,11
316,2022-11-12,2022,11,4,12
317,2022-11-13,2022,11,4,13
318,2022-11-14,2022,11,4,14
319,2022-11-15,2022,11,4,15
320,2022-11-16,2022,11,4,16
321,2022-11-17,2022,11,4,17
322,2022-11-18,2022,11,4,18
323,2022-11-19,2022,11,4,19
324,2022-11-20,2022,11,4,20
325,2022-11-21,2022,11,4,21
326,2022-11-22,2022,11,4,22
327,2022-11-23,2022,11,4,23
328,2022-11-24,2022,11,4,24
329,2022-11-25,2022,11,4,25
330,2022-11-26,2022,11,4,26
331,2022-11-27,2022,11,4,27
332,2022-11-28,2022,11,4,28
333,2022-11-29,2022,11,4,29
334,2022-11-30,2022,11,4,30
335,2022-12-01,2022,12,4,1
336,2022-12-02,2022,12,4,2
337,2022-12-03,2022,12,4,3
338,2022-12-04,2022,12,4,4
339,2022-12-05,2022,12,4,5
340,2022-12-06,2022,12,4,6
341,2022-12-07,2022,12,4,7
342,2022-12-08,2022,12,4,8
343,2022-12-09,2022,12,4,9
344,2022-12-10,2022,12,4,10
345,2022-12-11,2022,12,4,11
346,2022-12-12,2022,12,4,12
347,2022-12-13,2022,12,4,13
348,2022-12-14,2022,12,4,14
349,2022-12-15,2022,12,4,15
350,2022-12-16,2022,12,4,16
351,2022-12-17,2022,12,4,17
352,2022-12-18,2022,12,4,18
353,2022-12-19,2022,12,4,19
354,2022-12-20,2022,12,4,20
355,2022-12-21,2022,12,4,21
356,2022-12-22,2022,12,4,22
357,2022-12-23,2022,12,4,23
358,2022-12-24,2022,12,4,24
359,2022-12-25,2022,12,4,25
360,2022-12-26,2022,12,4,26
361,2022-12-27,2022,12,4,27
362,2022-12-28,2022,12,4,28
363,2022-12-29,2022,12,4,29
364,2022-12-30,2022,12,4,30
365,2022-12-31,2022,12,4,31
366,2023-01-01,2023,1,1,1
367,2023-01-02,2023,1,1,2
368,2023-01-03,2023,1,1,3
369,2023-01-04,2023,1,1,4
370,2023-01-05,2023,1,1,5
371,2023-01-06,2023,1,1,6
372,2023-01-07,2023,1,1,7
373,2023-01-08,2023,1,1,8
374,2023-01-09,2023,1,1,9
375,2023-01-10,2023,1,1,10
376,2023-01-11,2023,1,1,11
377,2023-01-12,2023,1,1,12
378,2023-01-13,2023,1,1,13
379,2023-01-14,2023,1,1,14
380,2023-01-15,2023,1,1,15
381,2023-01-16,2023,1,1,16
382,2023-01-17,2023,1,1,17
383,2023-01-18,2023,1,1,18
384,2023-01-19,2023,1,1,19
385,2023-01-20,2023,1,1,20
386,2023-01-21,2023,1,1,21
387,2023-01-22,2023,1,1,22
388,2023-01-23,2023,1,1,23
389,2023-01-24,2023,1,1,24
390,2023-01-25,2023,1,1,25
391,2023-01-26,2023,1,1,26
392,2023-01-27,2023,1,1,27
393,2023-01-28,2023,1,1,28
394,2023-01-29,2023,1,1,29
395,2023-01-30,2023,1,1,30
396,2023-01-31,2023,1,1,31
397,2023-02-01,2023,2,1,1
398,2023-02-02,2023,2,1,2
399,2023-02-03,2023,2,1,3
400,2023-02-04,2023,2,1,4
401,2023-02-05,2023,2,1,5
402,2023-02-06,2023,2,1,6
403,2023-02-07,2023,2,1,7
404,2023-02-08,2023,2,1,8
405,2023-02-09,2023,2,1,9
406,2023-02-10,2023,2,1,10
407,2023-02-11,2023,2,1,11
408,2023-02-12,2023,2,1,12
409,2023-02-13,2023,2,1,13
410,2023-02-14,2023,2,1,14
411,2023-02-15,2023,2,1,15
412,2023-02-16,2023,2,1,16
413,2023-02-17,2023,2,1,17
414,2023-02-18,2023,2,1,18
415,2023-02-19,2023,2,1,19
416,2023-02-20,2023,2,1,20
417,2023-02-21,2023,2,1,21
418,2023-02-22,2023,2,1,22
419,2023-02-23,2023,2,1,23
420,2023-02-24,2023,2,1,24
421,2023-02-25,2023,2,1,25
422,2023-02-26,2023,2,1,26
423,2023-02-27,2023,2,1,27
424,2023-02-28,2023,2,1,28
425,2023-03-01,2023,3,1,1
426,2023-03-02,2023,3,1,2
427,2023-03-03,2023,3,1,3
428,2023-03-04,2023,3,1,4
429,2023-03-05,2023,3,1,5
430,2023-03-06,2023,3,1,6
431,2023-03-07,2023,3,1,7
432,2023-03-08,2023,3,1,8
433,2023-03-09,2023,3,1,9
434,2023-03-10,2023,3,1,10
435,2023-03-11,2023,3,1,11
436,2023-03-12,2023,3,1,12
437,2023-03-13,2023,3,1,13
438,2023-03-14,2023,3,1,14
439,2023-03-15,2023,3,1,15
440,2023-03-16,2023,3,1,16
441,2023-03-17,2023,3,1,17
442,2023-03-18,2023,3,1,18
443,2023-03-19,2023,3,1,19
444,2023-03-20,2023,3,1,20
445,2023-03-21,2023,3,1,21
446,2023-03-22,2023,3,1,22
447,2023-03-23,2023,3,1,23
448,2023-03-24,2023,3,1,24
449,2023-03-25,2023,3,1,25
450,2023-03-26,2023,3,1,26
451,2023-03-27,2023,3,1,27
452,2023-03-28,2023,3,1,28
453,2023-03-29,2023,3,1,29
454,2023-03-30,2023,3,1,30
455,2023-03-31,2023,3,1,31
456,2023-04-01,2023,4,2,1
457,2023-04-02,2023,4,2,2
458,2023-04-03,2023,4,2,3
459,2023-04-04,2023,4,2,4
460,2023-04-05,2023,4,2,5
461,2023-04-06,2023,4,2,6
462,2023-04-07,2023,4,2,7
463,2023-04-08,2023,4,2,8
464,2023-04-09,2023,4,2,9
465,2023-04-10,2023,4,2,10
466,2023-04-11,2023,4,2,11
467,2023-04-12,2023,4,2,12
468,2023-04-13,2023,4,2,13
469,2023-04-14,2023,4,2,14
470,2023-04-15,2023,4,2,15
471,2023-04-16,2023,4,2,16
472,2023-04-17,2023,4,2,17
473,2023-04-18,2023,4,2,18
474,2023-04-19,2023,4,2,19
475,2023-04-20,2023,4,2,20
476,2023-04-21,2023,4,2,21
477,2023-04-22,2023,4,2,22
478,2023-04-23,2023,4,2,23
479,2023-04-24,2023,4,2,24
480,2023-04-25,2023,4,2,25
481,2023-04-26,2023,4,2,26
482,2023-04-27,2023,4,2,27
483,2023-04-28,2023,4,2,28
484,2023-04-29,2023,4,2,29
485,2023-04-30,2023,4,2,30
486,2023-05-01,2023,5,2,1
487,2023-05-02,2023,5,2,2
488,2023-05-03,2023,5,2,3
489,2023-05-04,2023,5,2,4
490,2023-05-05,2023,5,2,5
491,2023-05-06,2023,5,2,6
492,2023-05-07,2023,5,2,7
493,2023-05-08,2023,5,2,8
494,2023-05-09,2023,5,2,9
495,2023-05-10,2023,5,2,10
496,2023-05-11,2023,5,2,11
497,2023-05-12,2023,5,2,12
498,2023-05-13,2023,5,2,13
499,2023-05-14,2023,5,2,14
500,2023-05-15,2023,5,2,15
501,2023-05-16,2023,5,2,16
502,2023-05-17,2023,5,2,17
503,2023-05-18,2023,5,2,18
504,2023-05-19,2023,5,2,19
505,2023-05-20,2023,5,2,20
506,2023-05-21,2023,5,2,21
507,2023-05-22,2023,5,2,22
508,2023-05-23,2023,5,2,23
509,2023-05-24,2023,5,2,24
510,2023-05-25,2023,5,2,25
511,2023-05-26,2023,5,2,26
512,2023-05-27,2023,5,2,27
513,2023-05-28,2023,5,2,28
514,2023-05-29,2023,5,2,29
515,2023-05-30,2023,5,2,30
516,2023-05-31,2023,5,2,31
517,2023-06-01,2023,6,2,1
518,2023-06-02,2023,6,2,2
519,2023-06-03,2023,6,2,3
520,2023-06-04,2023,6,2,4
521,2023-06-05,2023,6,2,5
522,2023-06-06,2023,6,2,6
523,2023-06-07,2023,6,2,7
524,2023-06-08,2023,6,2,8
525,2023-06-09,2023,6,2,9
526,2023-06-10,2023,6,2,10
527,2023-06-11,2023,6,2,11
528,2023-06-12,2023,6,2,12
529,2023-06-13,2023,6,2,13
530,2023-06-14,2023,6,2,14
531,2023-06-15,2023,6,2,15
532,2023-06-16,2023,6,2,16
533,2023-06-17,2023,6,2,17
534,2023-06-18,2023,6,2,18
535,2023-06-19,2023,6,2,19
536,2023-06-20,2023,6,2,20
537,2023-06-21,2023,6,2,21
538,2023-06-22,2023,6,2,22
539,2023-06-23,2023,6,2,23
540,2023-06-24,2023,6,2,24
541,2023-06-25,2023,6,2,25
542,2023-06-26,2023,6,2,26
543,2023-06-27,2023,6,2,27
544,2023-06-28,2023,6,2,28
545,2023-06-29,2023,6,2,29
546,2023-06-30,2023,6,2,30
547,2023-07-01,2023,7,3,1
548,2023-07-02,2023,7,3,2
549,2023-07-03,2023,7,3,3
550,2023-07-04,2023,7,3,4
551,2023-07-05,2023,7,3,5
552,2023-07-06,2023,7,3,6
553,2023-07-07,2023,7,3,7
554,2023-07-08,2023,7,3,8
555,2023-07-09,2023,7,3,9
556,2023-07-10,2023,7,3,10
557,2023-07-11,2023,7,3,11
558,2023-07-12,2023,7,3,12
559,2023-07-13,2023,7,3,13
560,2023-07-14,2023,7,3,14
561,2023-07-15,2023,7,3,15
562,2023-07-16,2023,7,3,16
563,2023-07-17,2023,7,3,17
564,2023-07-18,2023,7,3,18
565,2023-07-19,2023,7,3,19
566,2023-07-20,2023,7,3,20
567,2023-07-21,2023,7,3,21
568,2023-07-22,2023,7,3,22
569,2023-07-23,2023,7,3,23
570,2023-07-24,2023,7,3,24
571,2023-07-25,2023,7,3,25
572,2023-07-26,2023,7,3,26
573,2023-07-27,2023,7,3,27
574,2023-07-28,2023,7,3,28
575,2023-07-29,2023,7,3,29
576,2023-07-30,2023,7,3,30
577,2023-07-31,2023,7,3,31
578,2023-08-01,2023,8,3,1
579,2023-08-02,2023,8,3,2
580,2023-08-03,2023,8,3,3
581,2023-08-04,2023,8,3,4
582,2023-08-05,2023,8,3,5
583,2023-08-06,2023,8,3,6
584,2023-08-07,2023,8,3,7
585,2023-08-08,2023,8,3,8
586,2023-08-09,2023,8,3,9
587,2023-08-10,2023,8,3,10
588,2023-08-11,2023,8,3,11
589,2023-08-12,2023,8,3,12
590,2023-08-13,2023,8,3,13
591,2023-08-14,2023,8,3,14
592,2023-08-15,2023,8,3,15
593,2023-08-16,2023,8,3,16
594,2023-08-17,2023,8,3,17
595,2023-08-18,2023,8,3,18
596,2023-08-19,2023,8,3,19
597,2023-08-20,2023,8,3,20
598,2023-08-21,2023,8,3,21
599,2023-08-22,2023,8,3,22
600,2023-08-23,2023,8,3,23
601,2023-08-24,2023,8,3,24
602,2023-08-25,2023,8,3,25
603,2023-08-26,2023,8,3,26
604,2023-08-27,2023,8,3,27
605,2023-08-28,2023,8,3,28
606,2023-08-29,2023,8,3,29
607,2023-08-30,2023,8,3,30
608,2023-08-31,2023,8,3,31
609,2023-09-01,2023,9,3,1
610,2023-09-02,2023,9,3,2
611,2023-09-03,2023,9,3,3
612,2023-09-04,2023,9,3,4
613,2023-09-05,2023,9,3,5
614,2023-09-06,2023,9,3,6
615,2023-09-07,2023,9,3,7
616,2023-09-08,2023,9,3,8
617,2023-09-09,2023,9,3,9
618,2023-09-10,2023,9,3,10
619,2023-09-11,2023,9,3,11
620,2023-09-12,2023,9,3,12
621,2023-09-13,2023,9,3,13
622,2023-09-14,2023,9,3,14
623,2023-09-15,2023,9,3,15
624,2023-09-16,2023,9,3,16
625,2023-09-17,2023,9,3,17
626,2023-09-18,2023,9,3,18
627,2023-09-19,2023,9,3,19
628,2023-09-20,2023,9,3,20
629,2023-09-21,2023,9,3,21
630,2023-09-22,2023,9,3,22
631,2023-09-23,2023,9,3,23
632,2023-09-24,2023,9,3,24
633,2023-09-25,2023,9,3,25
634,2023-09-26,2023,9,3,26
635,2023-09-27,2023,9,3,27
636,2023-09-28,2023,9,3,28
637,2023-09-29,2023,9,3,29
638,2023-09-30,2023,9,3,30
639,2023-10-01,2023,10,4,1
640,2023-10-02,2023,10,4,2
641,2023-10-03,2023,10,4,3
642,2023-10-04,2023,10,4,4
643,2023-10-05,2023,10,4,5
644,2023-10-06,2023,10,4,6
645,2023-10-07,2023,10,4,7
646,2023-10-08,2023,10,4,8
647,2023-10-09,2023,10,4,9
648,2023-10-10,2023,10,4,10
649,2023-10-11,2023,10,4,11
650,2023-10-12,2023,10,4,12
651,2023-10-13,2023,10,4,13
652,2023-10-14,2023,10,4,14
653,2023-10-15,2023,10,4,15
654,2023-10-16,2023,10,4,16
655,2023-10-17,2023,10,4,17
656,2023-10-18,2023,10,4,18
657,2023-10-19,2023,10,4,19
658,2023-10-20,2023,10,4,20
659,2023-10-21,2023,10,4,21
660,2023-10-22,2023,10,4,22
661,2023-10-23,2023,10,4,23
662,2023-10-24,2023,10,4,24
663,2023-10-25,2023,10,4,25
664,2023-10-26,2023,10,4,26
665,2023-10-27,2023,10,4,27
666,2023-10-28,2023,10,4,28
667,2023-10-29,2023,10,4,29
668,2023-10-30,2023,10,4,30
669,2023-10-31,2023,10,4,31
670,2023-11-01,2023,11,4,1
671,2023-11-02,2023,11,4,2
672,2023-11-03,2023,11,4,3
673,2023-11-04,2023,11,4,4
674,2023-11-05,2023,11,4,5
675,2023-11-06,2023,11,4,6
676,2023-11-07,2023,11,4,7
677,2023-11-08,2023,11,4,8
678,2023-11-09,2023,11,4,9
679,2023-11-10,2023,11,4,10
680,2023-11-11,2023,11,4,11
681,2023-11-12,2023,11,4,12
682,2023-11-13,2023,11,4,13
683,2023-11-14,2023,11,4,14
684,2023-11-15,2023,11,4,15
685,2023-11-16,2023,11,4,16
686,2023-11-17,2023,11,4,17
687,2023-11-18,2023,11,4,18
688,2023-11-19,2023,11,4,19
689,2023-11-20,2023,11,4,20
690,2023-11-21,2023,11,4,21
691,2023-11-22,2023,11,4,22
692,2023-11-23,2023,11,4,23
693,2023-11-24,2023,11,4,24
694,2023-11-25,2023,11,4,25
695,2023-11-26,2023,11,4,26
696,2023-11-27,2023,11,4,27
697,2023-11-28,2023,11,4,28
698,2023-11-29,2023,11,4,29
699,2023-11-30,2023,11,4,30
700,2023-12-01,2023,12,4,1
701,2023-12-02,2023,12,4,2
702,2023-12-03,2023,12,4,3
703,2023-12-04,2023,12,4,4
704,2023-12-05,2023,12,4,5
705,2023-12-06,2023,12,4,6
706,2023-12-07,2023,12,4,7
707,2023-12-08,2023,12,4,8
708,2023-12-09,2023,12,4,9
709,2023-12-10,2023,12,4,10
710,2023-12-11,2023,12,4,11
711,2023-12-12,2023,12,4,12
712,2023-12-13,2023,12,4,13
713,2023-12-14,2023,12,4,14
714,2023-12-15,2023,12,4,15
715,2023-12-16,2023,12,4,16
716,2023-12-17,2023,12,4,17
717,2023-12-18,2023,12,4,18
718,2023-12-19,2023,12,4,19
719,2023-12-20,2023,12,4,20
720,2023-12-21,2023,12,4,21
721,2023-12-22,2023,12,4,22
722,2023-12-23,2023,12,4,23
723,2023-12-24,2023,12,4,24
724,2023-12-25,2023,12,4,25
725,2023-12-26,2023,12,4,26
726,2023-12-27,2023,12,4,27
727,2023-12-28,2023,12,4,28
728,2023-12-29,2023,12,4,29
729,2023-12-30,2023,12,4,30
730,2023-12-31,2023,12,4,31
731,2024-01-01,2024,1,1,1
732,2024-01-02,2024,1,1,2
733,2024-01-03,2024,1,1,3
734,2024-01-04,2024,1,1,4
735,2024-01-05,2024,1,1,5
736,2024-01-06,2024,1,1,6
737,2024-01-07,2024,1,1,7
738,2024-01-08,2024,1,1,8
739,2024-01-09,2024,1,1,9
740,2024-01-10,2024,1,1,10
741,2024-01-11,2024,1,1,11
742,2024-01-12,2024,1,1,12
743,2024-01-13,2024,1,1,13
744,2024-01-14,2024,1,1,14
745,2024-01-15,2024,1,1,15
746,2024-01-16,2024,1,1,16
747,2024-01-17,2024,1,1,17
748,2024-01-18,2024,1,1,18
749,2024-01-19,2024,1,1,19
750,2024-01-20,2024,1,1,20
751,2024-01-21,2024,1,1,21
752,2024-01-22,2024,1,1,22
753,2024-01-23,2024,1,1,23
754,2024-01-24,2024,1,1,24
755,2024-01-25,2024,1,1,25
756,2024-01-26,2024,1,1,26
757,2024-01-27,2024,1,1,27
758,2024-01-28,2024,1,1,28
759,2024-01-29,2024,1,1,29
760,2024-01-30,2024,1,1,30
761,2024-01-31,2024,1,1,31
762,2024-02-01,2024,2,1,1
763,2024-02-02,2024,2,1,2
764,2024-02-03,2024,2,1,3
765,2024-02-04,2024,2,1,4
766,2024-02-05,2024,2,1,5
767,2024-02-06,2024,2,1,6
768,2024-02-07,2024,2,1,7
769,2024-02-08,2024,2,1,8
770,2024-02-09,2024,2,1,9
771,2024-02-10,2024,2,1,10
772,2024-02-11,2024,2,1,11
773,2024-02-12,2024,2,1,12
774,2024-02-13,2024,2,1,13
775,2024-02-14,2024,2,1,14
776,2024-02-15,2024,2,1,15
777,2024-02-16,2024,2,1,16
778,2024-02-17,2024,2,1,17
779,2024-02-18,2024,2,1,18
780,2024-02-19,2024,2,1,19
781,2024-02-20,2024,2,1,20
782,2024-02-21,2024,2,1,21
783,2024-02-22,2024,2,1,22
784,2024-02-23,2024,2,1,23
785,2024-02-24,2024,2,1,24
786,2024-02-25,2024,2,1,25
787,2024-02-26,2024,2,1,26
788,2024-02-27,2024,2,1,27
789,2024-02-28,2024,2,1,28
790,2024-02-29,2024,2,1,29
791,2024-03-01,2024,3,1,1
792,2024-03-02,2024,3,1,2
793,2024-03-03,2024,3,1,3
794,2024-03-04,2024,3,1,4
795,2024-03-05,2024,3,1,5
796,2024-03-06,2024,3,1,6
797,2024-03-07,2024,3,1,7
798,2024-03-08,2024,3,1,8
799,2024-03-09,2024,3,1,9
800,2024-03-10,2024,3,1,10
801,2024-03-11,2024,3,1,11
802,2024-03-12,2024,3,1,12
803,2024-03-13,2024,3,1,13
804,2024-03-14,2024,3,1,14
805,2024-03-15,2024,3,1,15
806,2024-03-16,2024,3,1,16
807,2024-03-17,2024,3,1,17
808,2024-03-18,2024,3,1,18
809,2024-03-19,2024,3,1,19
810,2024-03-20,2024,3,1,20
811,2024-03-21,2024,3,1,21
812,2024-03-22,2024,3,1,22
813,2024-03-23,2024,3,1,23
814,2024-03-24,2024,3,1,24
815,2024-03-25,2024,3,1,25
816,2024-03-26,2024,3,1,26
817,2024-03-27,2024,3,1,27
818,2024-03-28,2024,3,1,28
819,2024-03-29,2024,3,1,29
820,2024-03-30,2024,3,1,30
821,2024-03-31,2024,3,1,31
822,2024-04-01,2024,4,2,1
823,2024-04-02,2024,4,2,2
824,2024-04-03,2024,4,2,3
825,2024-04-04,2024,4,2,4
826,2024-04-05,2024,4,2,5
827,2024-04-06,2024,4,2,6
828,2024-04-07,2024,4,2,7
829,2024-04-08,2024,4,2,8
830,2024-04-09,2024,4,2,9
831,2024-04-10,2024,4,2,10
832,2024-04-11,2024,4,2,11
833,2024-04-12,2024,4,2,12
834,2024-04-13,2024,4,2,13
835,2024-04-14,2024,4,2,14
836,2024-04-15,2024,4,2,15
837,2024-04-16,2024,4,2,16
838,2024-04-17,2024,4,2,17
839,2024-04-18,2024,4,2,18
840,2024-04-19,2024,4,2,19
841,2024-04-20,2024,4,2,20
842,2024-04-21,2024,4,2,21
843,2024-04-22,2024,4,2,22
844,2024-04-23,2024,4,2,23
845,2024-04-24,2024,4,2,24
846,2024-04-25,2024,4,2,25
847,2024-04-26,2024,4,2,26
848,2024-04-27,2024,4,2,27
849,2024-04-28,2024,4,2,28
850,2024-04-29,2024,4,2,29
851,2024-04-30,2024,4,2,30
852,2024-05-01,2024,5,2,1
853,2024-05-02,2024,5,2,2
854,2024-05-03,2024,5,2,3
855,2024-05-04,2024,5,2,4
856,2024-05-05,2024,5,2,5
857,2024-05-06,2024,5,2,6
858,2024-05-07,2024,5,2,7
859,2024-05-08,2024,5,2,8
860,2024-05-09,2024,5,2,9
861,2024-05-10,2024,5,2,10
862,2024-05-11,2024,5,2,11
863,2024-05-12,2024,5,2,12
864,2024-05-13,2024,5,2,13
865,2024-05-14,2024,5,2,14
866,2024-05-15,2024,5,2,15
867,2024-05-16,2024,5,2,16
868,2024-05-17,2024,5,2,17
869,2024-05-18,2024,5,2,18
870,2024-05-19,2024,5,2,19
871,2024-05-20,2024,5,2,20
872,2024-05-21,2024,5,2,21
873,2024-05-22,2024,5,2,22
874,2024-05-23,2024,5,2,23
875,2024-05-24,2024,5,2,24
876,2024-05-25,2024,5,2,25
877,2024-05-26,2024,5,2,26
878,2024-05-27,2024,5,2,27
879,2024-05-28,2024,5,2,28
880,2024-05-29,2024,5,2,29
881,2024-05-30,2024,5,2,30
882,2024-05-31,2024,5,2,31
883,2024-06-01,2024,6,2,1
884,2024-06-02,2024,6,2,2
885,2024-06-03,2024,6,2,3
886,2024-06-04,2024,6,2,4
887,2024-06-05,2024,6,2,5
888,2024-06-06,2024,6,2,6
889,2024-06-07,2024,6,2,7
890,2024-06-08,2024,6,2,8
891,2024-06-09,2024,6,2,9
892,2024-06-10,2024,6,2,10
893,2024-06-11,2024,6,2,11
894,2024-06-12,2024,6,2,12
895,2024-06-13,2024,6,2,13
896,2024-06-14,2024,6,2,14
897,2024-06-15,2024,6,2,15
898,2024-06-16,2024,6,2,16
899,2024-06-17,2024,6,2,17
900,2024-06-18,2024,6,2,18
901,2024-06-19,2024,6,2,19
902,2024-06-20,2024,6,2,20
903,2024-06-21,2024,6,2,21
904,2024-06-22,2024,6,2,22
905,2024-06-23,2024,6,2,23
906,2024-06-24,2024,6,2,24
907,2024-06-25,2024,6,2,25
908,2024-06-26,2024,6,2,26
909,2024-06-27,2024,6,2,27
910,2024-06-28,2024,6,2,28
911,2024-06-29,2024,6,2,29
912,2024-06-30,2024,6,2,30
913,2024-07-01,2024,7,3,1
914,2024-07-02,2024,7,3,2
915,2024-07-03,2024,7,3,3
916,2024-07-04,2024,7,3,4
917,2024-07-05,2024,7,3,5
918,2024-07-06,2024,7,3,6
919,2024-07-07,2024,7,3,7
920,2024-07-08,2024,7,3,8
921,2024-07-09,2024,7,3,9
922,2024-07-10,2024,7,3,10
923,2024-07-11,2024,7,3,11
924,2024-07-12,2024,7,3,12
925,2024-07-13,2024,7,3,13
926,2024-07-14,2024,7,3,14
927,2024-07-15,2024,7,3,15
928,2024-07-16,2024,7,3,16
929,2024-07-17,2024,7,3,17
930,2024-07-18,2024,7,3,18
931,2024-07-19,2024,7,3,19
932,2024-07-20,2024,7,3,20
933,2024-07-21,2024,7,3,21
934,2024-07-22,2024,7,3,22
935,2024-07-23,2024,7,3,23
936,2024-07-24,2024,7,3,24
937,2024-07-25,2024,7,3,25
938,2024-07-26,2024,7,3,26
939,2024-07-27,2024,7,3,27
940,2024-07-28,2024,7,3,28
941,2024-07-29,2024,7,3,29
942,2024-07-30,2024,7,3,30
943,2024-07-31,2024,7,3,31
944,2024-08-01,2024,8,3,1
945,2024-08-02,2024,8,3,2
946,2024-08-03,2024,8,3,3
947,2024-08-04,2024,8,3,4
948,2024-08-05,2024,8,3,5
949,2024-08-06,2024,8,3,6
950,2024-08-07,2024,8,3,7
951,2024-08-08,2024,8,3,8
952,2024-08-09,2024,8,3,9
953,2024-08-10,2024,8,3,10
954,2024-08-11,2024,8,3,11
955,2024-08-12,2024,8,3,12
956,2024-08-13,2024,8,3,13
957,2024-08-14,2024,8,3,14
958,2024-08-15,2024,8,3,15
959,2024-08-16,2024,8,3,16
960,2024-08-17,2024,8,3,17
961,2024-08-18,2024,8,3,18
962,2024-08-19,2024,8,3,19
963,2024-08-20,2024,8,3,20
964,2024-08-21,2024,8,3,21
965,2024-08-22,2024,8,3,22
966,2024-08-23,2024,8,3,23
967,2024-08-24,2024,8,3,24
968,2024-08-25,2024,8,3,25
969,2024-08-26,2024,8,3,26
970,2024-08-27,2024,8,3,27
971,2024-08-28,2024,8,3,28
972,2024-08-29,2024,8,3,29
973,2024-08-30,2024,8,3,30
974,2024-08-31,2024,8,3,31
975,2024-09-01,2024,9,3,1
976,2024-09-02,2024,9,3,2
977,2024-09-03,2024,9,3,3
978,2024-09-04,2024,9,3,4
979,2024-09-05,2024,9,3,5
980,2024-09-06,2024,9,3,6
981,2024-09-07,2024,9,3,7
982,2024-09-08,2024,9,3,8
983,2024-09-09,2024,9,3,9
984,2024-09-10,2024,9,3,10
985,2024-09-11,2024,9,3,11
986,2024-09-12,2024,9,3,12
987,2024-09-13,2024,9,3,13
988,2024-09-14,2024,9,3,14
989,2024-09-15,2024,9,3,15
990,2024-09-16,2024,9,3,16
991,2024-09-17,2024,9,3,17
992,2024-09-18,2024,9,3,18
993,2024-09-19,2024,9,3,19
994,2024-09-20,2024,9,3,20
995,2024-09-21,2024,9,3,21
996,2024-09-22,2024,9,3,22
997,2024-09-23,2024,9,3,23
998,2024-09-24,2024,9,3,24
999,2024-09-25,2024,9,3,25
1000,2024-09-26,2024,9,3,26
1001,2024-09-27,2024,9,3,27
1002,2024-09-28,2024,9,3,28
1003,2024-09-29,2024,9,3,29
1004,2024-09-30,2024,9,3,30
1005,2024-10-01,2024,10,4,1
1006,2024-10-02,2024,10,4,2
1007,2024-10-03,2024,10,4,3
1008,2024-10-04,2024,10,4,4
1009,2024-10-05,2024,10,4,5
1010,2024-10-06,2024,10,4,6
1011,2024-10-07,2024,10,4,7
1012,2024-10-08,2024,10,4,8
1013,2024-10-09,2024,10,4,9
1014,2024-10-10,2024,10,4,10
1015,2024-10-11,2024,10,4,11
1016,2024-10-12,2024,10,4,12
1017,2024-10-13,2024,10,4,13
1018,2024-10-14,2024,10,4,14
1019,2024-10-15,2024,10,4,15
1020,2024-10-16,2024,10,4,16
1021,2024-10-17,2024,10,4,17
1022,2024-10-18,2024,10,4,18
1023,2024-10-19,2024,10,4,19
1024,2024-10-20,2024,10,4,20
1025,2024-10-21,2024,10,4,21
1026,2024-10-22,2024,10,4,22
1027,2024-10-23,2024,10,4,23
1028,2024-10-24,2024,10,4,24
1029,2024-10-25,2024,10,4,25
1030,2024-10-26,2024,10,4,26
1031,2024-10-27,2024,10,4,27
1032,2024-10-28,2024,10,4,28
1033,2024-10-29,2024,10,4,29
1034,2024-10-30,2024,10,4,30
1035,2024-10-31,2024,10,4,31
1036,2024-11-01,2024,11,4,1
1037,2024-11-02,2024,11,4,2
1038,2024-11-03,2024,11,4,3
1039,2024-11-04,2024,11,4,4
1040,2024-11-05,2024,11,4,5
1041,2024-11-06,2024,11,4,6
1042,2024-11-07,2024,11,4,7
1043,2024-11-08,2024,11,4,8
1044,2024-11-09,2024,11,4,9
1045,2024-11-10,2024,11,4,10
1046,2024-11-11,2024,11,4,11
1047,2024-11-12,2024,11,4,12
1048,2024-11-13,2024,11,4,13
1049,2024-11-14,2024,11,4,14
1050,2024-11-15,2024,11,4,15
1051,2024-11-16,2024,11,4,16
1052,2024-11-17,2024,11,4,17
1053,2024-11-18,2024,11,4,18
1054,2024-11-19,2024,11,4,19
1055,2024-11-20,2024,11,4,20
1056,2024-11-21,2024,11,4,21
1057,2024-11-22,2024,11,4,22
1058,2024-11-23,2024,11,4,23
1059,2024-11-24,2024,11,4,24
1060,2024-11-25,2024,11,4,25
1061,2024-11-26,2024,11,4,26
1062,2024-11-27,2024,11,4,27
1063,2024-11-28,2024,11,4,28
1064,2024-11-29,2024,11,4,29
1065,2024-11-30,2024,11,4,30
1066,2024-12-01,2024,12,4,1
1067,2024-12-02,2024,12,4,2
1068,2024-12-03,2024,12,4,3
1069,2024-12-04,2024,12,4,4
1070,2024-12-05,2024,12,4,5
1071,2024-12-06,2024,12,4,6
1072,2024-12-07,2024,12,4,7
1073,2024-12-08,2024,12,4,8
1074,2024-12-09,2024,12,4,9
1075,2024-12-10,2024,12,4,10
1076,2024-12-11,2024,12,4,11
1077,2024-12-12,2024,12,4,12
1078,2024-12-13,2024,12,4,13
1079,2024-12-14,2024,12,4,14
1080,2024-12-15,2024,12,4,15
1081,2024-12-16,2024,12,4,16
1082,2024-12-17,2024,12,4,17
1083,2024-12-18,2024,12,4,18
1084,2024-12-19,2024,12,4,19
1085,2024-12-20,2024,12,4,20
1086,2024-12-21,2024,12,4,21
1087,2024-12-22,2024,12,4,22
1088,2024-12-23,2024,12,4,23
1089,2024-12-24,2024,12,4,24
1090,2024-12-25,2024,12,4,25
1091,2024-12-26,2024,12,4,26
1092,2024-12-27,2024,12,4,27
1093,2024-12-28,2024,12,4,28
1094,2024-12-29,2024,12,4,29
1095,2024-12-30,2024,12,4,30
1096,2024-12-31,2024,12,4,31
1097,2025-01-01,2025,1,1,1
1098,2025-01-02,2025,1,1,2
1099,2025-01-03,2025,1,1,3
1100,2025-01-04,2025,1,1,4
1101,2025-01-05,2025,1,1,5
1102,2025-01-06,2025,1,1,6
1103,2025-01-07,2025,1,1,7
1104,2025-01-08,2025,1,1,8
1105,2025-01-09,2025,1,1,9
1106,2025-01-10,2025,1,1,10
1107,2025-01-11,2025,1,1,11
1108,2025-01-12,2025,1,1,12
1109,2025-01-13,2025,1,1,13
1110,2025-01-14,2025,1,1,14
1111,2025-01-15,2025,1,1,15
1112,2025-01-16,2025,1,1,16
1113,2025-01-17,2025,1,1,17
1114,2025-01-18,2025,1,1,18
1115,2025-01-19,2025,1,1,19
1116,2025-01-20,2025,1,1,20
1117,2025-01-21,2025,1,1,21
1118,2025-01-22,2025,1,1,22
1119,2025-01-23,2025,1,1,23
1120,2025-01-24,2025,1,1,24
1121,2025-01-25,2025,1,1,25
1122,2025-01-26,2025,1,1,26
1123,2025-01-27,2025,1,1,27
1124,2025-01-28,2025,1,1,28
1125,2025-01-29,2025,1,1,29
1126,2025-01-30,2025,1,1,30
1127,2025-01-31,2025,1,1,31
1128,2025-02-01,2025,2,1,1
1129,2025-02-02,2025,2,1,2
1130,2025-02-03,2025,2,1,3
1131,2025-02-04,2025,2,1,4
1132,2025-02-05,2025,2,1,5
1133,2025-02-06,2025,2,1,6
1134,2025-02-07,2025,2,1,7
1135,2025-02-08,2025,2,1,8
1136,2025-02-09,2025,2,1,9
1137,2025-02-10,2025,2,1,10
1138,2025-02-11,2025,2,1,11
1139,2025-02-12,2025,2,1,12
1140,2025-02-13,2025,2,1,13
1141,2025-02-14,2025,2,1,14
1142,2025-02-15,2025,2,1,15
1143,2025-02-16,2025,2,1,16
1144,2025-02-17,2025,2,1,17
1145,2025-02-18,2025,2,1,18
1146,2025-02-19,2025,2,1,19
1147,2025-02-20,2025,2,1,20
1148,2025-02-21,2025,2,1,21
1149,2025-02-22,2025,2,1,22
1150,2025-02-23,2025,2,1,23
1151,2025-02-24,2025,2,1,24
1152,2025-02-25,2025,2,1,25
1153,2025-02-26,2025,2,1,26
1154,2025-02-27,2025,2,1,27
1155,2025-02-28,2025,2,1,28
1156,2025-03-01,2025,3,1,1
1157,2025-03-02,2025,3,1,2
1158,2025-03-03,2025,3,1,3
1159,2025-03-04,2025,3,1,4
1160,2025-03-05,2025,3,1,5
1161,2025-03-06,2025,3,1,6
1162,2025-03-07,2025,3,1,7
1163,2025-03-08,2025,3,1,8
1164,2025-03-09,2025,3,1,9
1165,2025-03-10,2025,3,1,10
1166,2025-03-11,2025,3,1,11
1167,2025-03-12,2025,3,1,12
1168,2025-03-13,2025,3,1,13
1169,2025-03-14,2025,3,1,14
1170,2025-03-15,2025,3,1,15
1171,2025-03-16,2025,3,1,16
1172,2025-03-17,2025,3,1,17
1173,2025-03-18,2025,3,1,18
1174,2025-03-19,2025,3,1,19
1175,2025-03-20,2025,3,1,20
1176,2025-03-21,2025,3,1,21
1177,2025-03-22,2025,3,1,22
1178,2025-03-23,2025,3,1,23
1179,2025-03-24,2025,3,1,24
1180,2025-03-25,2025,3,1,25
1181,2025-03-26,2025,3,1,26
1182,2025-03-27,2025,3,1,27
1183,2025-03-28,2025,3,1,28
1184,2025-03-29,2025,3,1,29
1185,2025-03-30,2025,3,1,30
1186,2025-03-31,2025,3,1,31
1187,2025-04-01,2025,4,2,1
1188,2025-04-02,2025,4,2,2
1189,2025-04-03,2025,4,2,3
1190,2025-04-04,2025,4,2,4
1191,2025-04-05,2025,4,2,5
1192,2025-04-06,2025,4,2,6
1193,2025-04-07,2025,4,2,7
1194,2025-04-08,2025,4,2,8
1195,2025-04-09,2025,4,2,9
1196,2025-04-10,2025,4,2,10
1197,2025-04-11,2025,4,2,11
1198,2025-04-12,2025,4,2,12
1199,2025-04-13,2025,4,2,13
1200,2025-04-14,2025,4,2,14
1201,2025-04-15,2025,4,2,15
1202,2025-04-16,2025,4,2,16
1203,2025-04-17,2025,4,2,17
1204,2025-04-18,2025,4,2,18
1205,2025-04-19,2025,4,2,19
1206,2025-04-20,2025,4,2,20
1207,2025-04-21,2025,4,2,21
1208,2025-04-22,2025,4,2,22
1209,2025-04-23,2025,4,2,23
1210,2025-04-24,2025,4,2,24
1211,2025-04-25,2025,4,2,25
1212,2025-04-26,2025,4,2,26
1213,2025-04-27,2025,4,2,27
1214,2025-04-28,2025,4,2,28
1215,2025-04-29,2025,4,2,29
1216,2025-04-30,2025,4,2,30
1217,2025-05-01,2025,5,2,1
1218,2025-05-02,2025,5,2,2
1219,2025-05-03,2025,5,2,3
1220,2025-05-04,2025,5,2,4
1221,2025-05-05,2025,5,2,5
1222,2025-05-06,2025,5,2,6
1223,2025-05-07,2025,5,2,7
1224,2025-05-08,2025,5,2,8
1225,2025-05-09,2025,5,2,9
1226,2025-05-10,2025,5,2,10
1227,2025-05-11,2025,5,2,11
1228,2025-05-12,2025,5,2,12
1229,2025-05-13,2025,5,2,13
1230,2025-05-14,2025,5,2,14
1231,2025-05-15,2025,5,2,15
1232,2025-05-16,2025,5,2,16
1233,2025-05-17,2025,5,2,17
1234,2025-05-18,2025,5,2,18
1235,2025-05-19,2025,5,2,19
1236,2025-05-20,2025,5,2,20
1237,2025-05-21,2025,5,2,21
1238,2025-05-22,2025,5,2,22
1239,2025-05-23,2025,5,2,23
1240,2025-05-24,2025,5,2,24
1241,2025-05-25,2025,5,2,25
1242,2025-05-26,2025,5,2,26
1243,2025-05-27,2025,5,2,27
1244,2025-05-28,2025,5,2,28
1245,2025-05-29,2025,5,2,29
1246,2025-05-30,2025,5,2,30
1247,2025-05-31,2025,5,2,31
1248,2025-06-01,2025,6,2,1
1249,2025-06-02,2025,6,2,2
1250,2025-06-03,2025,6,2,3
1251,2025-06-04,2025,6,2,4
1252,2025-06-05,2025,6,2,5
1253,2025-06-06,2025,6,2,6
1254,2025-06-07,2025,6,2,7
1255,2025-06-08,2025,6,2,8
1256,2025-06-09,2025,6,2,9
1257,2025-06-10,2025,6,2,10
1258,2025-06-11,2025,6,2,11
1259,2025-06-12,2025,6,2,12
1260,2025-06-13,2025,6,2,13
1261,2025-06-14,2025,6,2,14
1262,2025-06-15,2025,6,2,15
1263,2025-06-16,2025,6,2,16
1264,2025-06-17,2025,6,2,17
1265,2025-06-18,2025,6,2,18
1266,2025-06-19,2025,6,2,19
1267,2025-06-20,2025,6,2,20
1268,2025-06-21,2025,6,2,21
1269,2025-06-22,2025,6,2,22
1270,2025-06-23,2025,6,2,23
1271,2025-06-24,2025,6,2,24
1272,2025-06-25,2025,6,2,25
1273,2025-06-26,2025,6,2,26
1274,2025-06-27,2025,6,2,27
1275,2025-06-28,2025,6,2,28
1276,2025-06-29,2025,6,2,29
1277,2025-06-30,2025,6,2,30
1278,2025-07-01,2025,7,3,1
1279,2025-07-02,2025,7,3,2
1280,2025-07-03,2025,7,3,3
1281,2025-07-04,2025,7,3,4
1282,2025-07-05,2025,7,3,5
1283,2025-07-06,2025,7,3,6
1284,2025-07-07,2025,7,3,7
1285,2025-07-08,2025,7,3,8
1286,2025-07-09,2025,7,3,9
1287,2025-07-10,2025,7,3,10
1288,2025-07-11,2025,7,3,11
1289,2025-07-12,2025,7,3,12
1290,2025-07-13,2025,7,3,13
1291,2025-07-14,2025,7,3,14
1292,2025-07-15,2025,7,3,15
1293,2025-07-16,2025,7,3,16
1294,2025-07-17,2025,7,3,17
1295,2025-07-18,2025,7,3,18
1296,2025-07-19,2025,7,3,19
1297,2025-07-20,2025,7,3,20
1298,2025-07-21,2025,7,3,21
1299,2025-07-22,2025,7,3,22
1300,2025-07-23,2025,7,3,23
1301,2025-07-24,2025,7,3,24
1302,2025-07-25,2025,7,3,25
1303,2025-07-26,2025,7,3,26
1304,2025-07-27,2025,7,3,27
1305,2025-07-28,2025,7,3,28
1306,2025-07-29,2025,7,3,29
1307,2025-07-30,2025,7,3,30
1308,2025-07-31,2025,7,3,31
1309,2025-08-01,2025,8,3,1
1310,2025-08-02,2025,8,3,2
1311,2025-08-03,2025,8,3,3
1312,2025-08-04,2025,8,3,4
1313,2025-08-05,2025,8,3,5
1314,2025-08-06,2025,8,3,6
1315,2025-08-07,2025,8,3,7
1316,2025-08-08,2025,8,3,8
1317,2025-08-09,2025,8,3,9
1318,2025-08-10,2025,8,3,10
1319,2025-08-11,2025,8,3,11
1320,2025-08-12,2025,8,3,12
1321,2025-08-13,2025,8,3,13
1322,2025-08-14,2025,8,3,14
1323,2025-08-15,2025,8,3,15
1324,2025-08-16,2025,8,3,16
1325,2025-08-17,2025,8,3,17
1326,2025-08-18,2025,8,3,18
1327,2025-08-19,2025,8,3,19
1328,2025-08-20,2025,8,3,20
1329,2025-08-21,2025,8,3,21
1330,2025-08-22,2025,8,3,22
1331,2025-08-23,2025,8,3,23
1332,2025-08-24,2025,8,3,24
1333,2025-08-25,2025,8,3,25
1334,2025-08-26,2025,8,3,26
1335,2025-08-27,2025,8,3,27
1336,2025-08-28,2025,8,3,28
1337,2025-08-29,2025,8,3,29
1338,2025-08-30,2025,8,3,30
1339,2025-08-31,2025,8,3,31
1340,2025-09-01,2025,9,3,1
1341,2025-09-02,2025,9,3,2
1342,2025-09-03,2025,9,3,3
1343,2025-09-04,2025,9,3,4
1344,2025-09-05,2025,9,3,5
1345,2025-09-06,2025,9,3,6
1346,2025-09-07,2025,9,3,7
1347,2025-09-08,2025,9,3,8
1348,2025-09-09,2025,9,3,9
1349,2025-09-10,2025,9,3,10
1350,2025-09-11,2025,9,3,11
1351,2025-09-12,2025,9,3,12
1352,2025-09-13,2025,9,3,13
1353,2025-09-14,2025,9,3,14
1354,2025-09-15,2025,9,3,15
1355,2025-09-16,2025,9,3,16
1356,2025-09-17,2025,9,3,17
1357,2025-09-18,2025,9,3,18
1358,2025-09-19,2025,9,3,19
1359,2025-09-20,2025,9,3,20
1360,2025-09-21,2025,9,3,21
1361,2025-09-22,2025,9,3,22
1362,2025-09-23,2025,9,3,23
1363,2025-09-24,2025,9,3,24
1364,2025-09-25,2025,9,3,25
1365,2025-09-26,2025,9,3,26
1366,2025-09-27,2025,9,3,27
1367,2025-09-28,2025,9,3,28
1368,2025-09-29,2025,9,3,29
1369,2025-09-30,2025,9,3,30
1370,2025-10-01,2025,10,4,1
1371,2025-10-02,2025,10,4,2
1372,2025-10-03,2025,10,4,3
1373,2025-10-04,2025,10,4,4
1374,2025-10-05,2025,10,4,5
1375,2025-10-06,2025,10,4,6
1376,2025-10-07,2025,10,4,7
1377,2025-10-08,2025,10,4,8
1378,2025-10-09,2025,10,4,9
1379,2025-10-10,2025,10,4,10
1380,2025-10-11,2025,10,4,11
1381,2025-10-12,2025,10,4,12
1382,2025-10-13,2025,10,4,13
1383,2025-10-14,2025,10,4,14
1384,2025-10-15,2025,10,4,15
1385,2025-10-16,2025,10,4,16
1386,2025-10-17,2025,10,4,17
1387,2025-10-18,2025,10,4,18
1388,2025-10-19,2025,10,4,19
1389,2025-10-20,2025,10,4,20
1390,2025-10-21,2025,10,4,21
1391,2025-10-22,2025,10,4,22
1392,2025-10-23,2025,10,4,23
1393,2025-10-24,2025,10,4,24
1394,2025-10-25,2025,10,4,25
1395,2025-10-26,2025,10,4,26
1396,2025-10-27,2025,10,4,27
1397,2025-10-28,2025,10,4,28
1398,2025-10-29,2025,10,4,29
1399,2025-10-30,2025,10,4,30
1400,2025-10-31,2025,10,4,31
1401,2025-11-01,2025,11,4,1
1402,2025-11-02,2025,11,4,2
1403,2025-11-03,2025,11,4,3
1404,2025-11-04,2025,11,4,4
1405,2025-11-05,2025,11,4,5
1406,2025-11-06,2025,11,4,6
1407,2025-11-07,2025,11,4,7
1408,2025-11-08,2025,11,4,8
1409,2025-11-09,2025,11,4,9
1410,2025-11-10,2025,11,4,10
1411,2025-11-11,2025,11,4,11
1412,2025-11-12,2025,11,4,12
1413,2025-11-13,2025,11,4,13
1414,2025-11-14,2025,11,4,14
1415,2025-11-15,2025,11,4,15
1416,2025-11-16,2025,11,4,16
1417,2025-11-17,2025,11,4,17
1418,2025-11-18,2025,11,4,18
1419,2025-11-19,2025,11,4,19
1420,2025-11-20,2025,11,4,20
1421,2025-11-21,2025,11,4,21
1422,2025-11-22,2025,11,4,22
1423,2025-11-23,2025,11,4,23
1424,2025-11-24,2025,11,4,24
1425,2025-11-25,2025,11,4,25
1426,2025-11-26,2025,11,4,26
1427,2025-11-27,2025,11,4,27
1428,2025-11-28,2025,11,4,28
1429,2025-11-29,2025,11,4,29
1430,2025-11-30,2025,11,4,30
1431,2025-12-01,2025,12,4,1
1432,2025-12-02,2025,12,4,2
1433,2025-12-03,2025,12,4,3
1434,2025-12-04,2025,12,4,4
1435,2025-12-05,2025,12,4,5
1436,2025-12-06,2025,12,4,6
1437,2025-12-07,2025,12,4,7
1438,2025-12-08,2025,12,4,8
1439,2025-12-09,2025,12,4,9
1440,2025-12-10,2025,12,4,10
1441,2025-12-11,2025,12,4,11
1442,2025-12-12,2025,12,4,12
1443,2025-12-13,2025,12,4,13
1444,2025-12-14,2025,12,4,14
1445,2025-12-15,2025,12,4,15
1446,2025-12-16,2025,12,4,16
1447,2025-12-17,2025,12,4,17
1448,2025-12-18,2025,12,4,18
1449,2025-12-19,2025,12,4,19
1450,2025-12-20,2025,12,4,20
1451,2025-12-21,2025,12,4,21
1452,2025-12-22,2025,12,4,22
1453,2025-12-23,2025,12,4,23
1454,2025-12-24,2025,12,4,24
1455,2025-12-25,2025,12,4,25
1456,2025-12-26,2025,12,4,26
1457,2025-12-27,2025,12,4,27
1458,2025-12-28,2025,12,4,28
1459,2025-12-29,2025,12,4,29
1460,2025-12-30,2025,12,4,30
1461,2025-12-31,2025,12,4,31
